algo,rmse,mae
base,0.9422541799329658,0.7413586954857572
<surprise.prediction_algorithms.slope_one.SlopeOne object at 0x7f113014b160>,0.5116383472132205,0.3008167790155242
<surprise.prediction_algorithms.knns.KNNBasic object at 0x7f11300d42b0>,0.655549678353115,0.4564927366684307
<surprise.prediction_algorithms.knns.KNNBasic object at 0x7f11300d4b50>,0.7101024785750861,0.5359853297841538
