algo,rmse,mae
base,0.9069936009151759,0.7139565933477974
SlopeOne,0.5203322060349733,0.3201107697185763
KNNBasic,0.6093771181927536,0.43575592146415554
KNNBasic,0.7490308664039282,0.5834334688056787
