algo,rmse,mae
base,1.5478172976721996,1.1272168900112325
SlopeOne,1.0120767661781873,0.6221987094544529
KNNBasic,1.3123883635027473,0.9399515715965738
KNNBasic,1.3599048203084163,0.9902655959087147
