algo,rmse,mae
base,1.8998526873376163,1.4633729871239871
<surprise.prediction_algorithms.slope_one.SlopeOne object at 0x7f47b8acffd0>,1.5126162802960412,0.8999051179667554
<surprise.prediction_algorithms.knns.KNNBasic object at 0x7f47cbc64c40>,1.5710001273984024,1.0619103394105895
<surprise.prediction_algorithms.knns.KNNBasic object at 0x7f47b8b728b0>,1.5710001273984024,1.0619103394105895
